{"cameraMode":{"drawMode":0,"name":"Shaded","section":"Shading Mode"},"sceneLighting":true,"audioPlay":false,"sceneViewState":{"m_AlwaysRefresh":false,"showFog":true,"showSkybox":true,"showFlares":true,"showImageEffects":true,"showParticleSystems":true,"showVisualEffectGraphs":true,"m_FxEnabled":true},"in2DMode":false,"pivot":{"x":-0.03685958683490753,"y":5.0184006690979,"z":-0.004347413778305054},"rotation":{"x":-0.05003609508275986,"y":0.19117768108844758,"z":-0.009756844490766526,"w":-0.980242908000946},"size":0.07903218269348145,"orthographic":false}