{"cameraMode":{"drawMode":0,"name":"Shaded","section":"Shading Mode"},"sceneLighting":true,"audioPlay":false,"sceneViewState":{"m_AlwaysRefresh":false,"showFog":true,"showSkybox":true,"showFlares":true,"showImageEffects":true,"showParticleSystems":true,"showVisualEffectGraphs":true,"m_FxEnabled":true},"in2DMode":false,"pivot":{"x":-0.1419147253036499,"y":2.6327195167541506,"z":-0.8332889080047607},"rotation":{"x":0.005113797262310982,"y":0.9253961443901062,"z":0.01249352190643549,"w":-0.3787666857242584},"size":5.980840682983398,"orthographic":false}